measurement_concept_id,concept_name,vocabulary_id
3000453,Epstein Barr virus DNA [#/volume] (viral load) in Unspecified specimen by NAA with probe detection,LOINC
3000515,Antithrombin actual/normal in Platelet poor plasma by Chromogenic method,LOINC
3000722,Carnitine free (C0) [Moles/volume] in Serum or Plasma,LOINC
3001405,CD3+CD8+ (T8 suppressor cells) cells [#/volume] in Blood,LOINC
3001599,Carotene [Mass/volume] in Serum,LOINC
3000787,Salicylates [Mass/volume] in Serum or Plasma,LOINC
3001709,Weight of Stool,LOINC
3000185,Iron saturation [Mass Fraction] in Serum or Plasma,LOINC
3000067,Parathyrin.intact [Mass/volume] in Serum or Plasma,LOINC
3000905,Leukocytes [#/volume] in Blood by Automated count,LOINC
3002052,WBC casts [#/area] in Urine sediment by Microscopy low power field,LOINC
3002400,Iron [Mass/volume] in Serum or Plasma,LOINC
3002617,Acetaminophen [Mass/volume] in Serum or Plasma,LOINC
3004217,Deprecated Streptococcus pneumoniae 14 IgG Ab [Mass/volume] in Serum,LOINC
3000231,Tricyclic antidepressants [Mass/volume] in Serum or Plasma,LOINC
3004295,Urea nitrogen [Mass/volume] in Blood,LOINC
3000483,Glucose [Mass/volume] in Blood,LOINC
3004327,Lymphocytes [#/volume] in Blood by Automated count,LOINC
3001802,Microalbumin/Creatinine [Mass Ratio] in Urine,LOINC
3000593,Cobalamin (Vitamin B12) [Mass/volume] in Serum or Plasma,LOINC
3000620,Complement C3 [Mass/volume] in Serum or Plasma,LOINC
3004789,Transferrin [Mass/volume] in Serum or Plasma,LOINC
3005029,Protein [Mass/volume] in Body fluid,LOINC
3005033,Fetal Nuchal fold Thickness US,LOINC
3005665,Streptococcus pneumoniae Danish serotype 6B IgG Ab [Mass/volume] in Serum,LOINC
3000637,Triglyceride [Mass/volume] in Body fluid,LOINC
3000963,Hemoglobin [Mass/volume] in Blood,LOINC
3005719,IgG [Mass/volume] in Serum or Plasma,LOINC
3001951,Fetal Crown Rump length US,LOINC
3001850,Coagulation factor XI activity actual/normal in Platelet poor plasma by Coagulation assay,LOINC
3005893,Phenytoin Free [Mass/volume] in Serum or Plasma,LOINC
3002173,Hemoglobin [Mass/volume] in Arterial blood,LOINC
3005895,Myoglobin [Mass/volume] in Serum or Plasma,LOINC
3002587,RBC casts [#/area] in Urine sediment by Microscopy low power field,LOINC
3003785,Carcinoembryonic Ag [Mass/volume] in Serum or Plasma,LOINC
3006109,Coagulation factor IX activity actual/normal in Platelet poor plasma by Coagulation assay,LOINC
3003932,Carbon dioxide [Partial pressure] in Arterial cord blood,LOINC
3003985,Beta hydroxybutyrate [Moles/volume] in Serum or Plasma,LOINC
3006407,Chromogranin A [Mass/volume] in Serum or Plasma,LOINC
3004410,Hemoglobin A1c/Hemoglobin.total in Blood,LOINC
3006665,Streptococcus pneumoniae Danish serotype 18C IgG Ab [Mass/volume] in Serum,LOINC
3004640,Lambda light chains [Mass/volume] in Serum or Plasma,LOINC
3004708,Deprecated Streptococcus pneumoniae 1 IgG Ab [Mass/volume] in Serum,LOINC
3007124,Reticulocytes/100 erythrocytes in Blood by Automated count,LOINC
3007238,Nucleated erythrocytes [#/volume] in Blood by Automated count,LOINC
3005005,Acylcarnitine/Carnitine.free (C0) [Molar ratio] in Serum or Plasma,LOINC
3007687,Calcium [Mass/time] in 24 hour Urine,LOINC
3005105,Blasts [#/volume] in Blood,LOINC
3007808,Renin [Enzymatic activity/volume] in Plasma,LOINC
3005322,IgE [Units/volume] in Serum or Plasma,LOINC
3007857,Nortriptyline [Mass/volume] in Serum or Plasma,LOINC
3005335,Cystine [Moles/volume] in Serum or Plasma,LOINC
3009542,Hematocrit [Volume Fraction] of Blood,LOINC
3005629,Inhaled oxygen flow rate,LOINC
3009583,Codeine [Mass/volume] in Urine by Confirmatory method,LOINC
3005673,Hemoglobin A1c/Hemoglobin.total in Blood by HPLC,LOINC
3009596,Cholesterol in VLDL [Mass/volume] in Serum or Plasma by calculation,LOINC
3002069,Alkaline phosphatase.bone/Alkaline phosphatase.total in Serum or Plasma,LOINC
3009710,Isopropanol [Mass/volume] in Serum or Plasma,LOINC
3005738,Deprecated Streptococcus pneumoniae 23 IgG Ab [Mass/volume] in Serum,LOINC
3009966,Cholesterol in LDL [Mass/volume] in Serum or Plasma by Direct assay,LOINC
3010156,C reactive protein [Mass/volume] in Serum or Plasma by High sensitivity method,LOINC
3010340,Triiodothyronine (T3) [Mass/volume] in Serum or Plasma,LOINC
3005757,Coagulation factor V activity actual/normal in Platelet poor plasma by Coagulation assay,LOINC
3010457,Eosinophils/100 leukocytes in Blood by Automated count,LOINC
3002140,Complement C1q [Mass/volume] in Serum or Plasma,LOINC
3010625,Cortisone [Mass/time] in 24 hour Urine,LOINC
3005770,Creatinine renal clearance in 24 hour Urine and Serum or Plasma,LOINC
3011003,Haemophilus influenzae B IgG Ab [Mass/volume] in Serum by Immunoassay,LOINC
3005839,10-Hydroxycarbazepine [Mass/volume] in Serum or Plasma,LOINC
3006775,Deprecated Streptococcus pneumoniae 4 IgG Ab [Mass/volume] in Serum,LOINC
3006889,Leucine [Moles/volume] in Serum or Plasma,LOINC
3006957,Toxoplasma gondii IgG Ab [Units/volume] in Serum or Plasma by Immunoassay,LOINC
3011657,Norepinephrine [Mass/time] in 24 hour Urine,LOINC
3007061,Streptolysin O Ab [Units/volume] in Serum by Latex agglutination,LOINC
3007144,Neutrophils/100 leukocytes in Bronchial specimen,LOINC
3007164,IgA [Mass/volume] in Serum or Plasma,LOINC
3012565,Volume of 24 hour Urine,LOINC
3012920,Ethanol [Mass/volume] in Serum or Plasma,LOINC
3008108,Hematocrit [Volume Fraction] of Body fluid,LOINC
3008269,Chromium [Mass/volume] in Serum or Plasma,LOINC
3013201,Beta-2-Microglobulin [Mass/volume] in Serum or Plasma,LOINC
3008364,Apolipoprotein A-I [Mass/volume] in Serum or Plasma,LOINC
3013682,Urea nitrogen [Mass/volume] in Serum or Plasma,LOINC
3008598,Thyroxine (T4) free [Mass/volume] in Serum or Plasma,LOINC
3013727,Leukocytes other/100 leukocytes in Blood,LOINC
3009010,Asparagine [Moles/volume] in Serum or Plasma,LOINC
3013751,cloZAPine [Mass/volume] in Serum or Plasma,LOINC
3009178,Nicotine [Mass/volume] in Serum or Plasma,LOINC
3009827,Alpha-2-Macroglobulin [Mass/volume] in Serum or Plasma,LOINC
3015330,Alpha-2-Retinol binding protein [Mass/volume] in Serum or Plasma,LOINC
3010300,Glucose [Mass/volume] in Serum or Plasma --1 hour post dose glucose,LOINC
3010503,CD19 cells [#/volume] in Blood,LOINC
3016228,CD19 cells/100 cells in Blood,LOINC
3010517,Carboxyhemoglobin/Hemoglobin.total in Venous blood,LOINC
3016407,Fibrinogen [Mass/volume] in Platelet poor plasma by Coagulation assay,LOINC
3010910,Erythrocytes [#/volume] in Body fluid,LOINC
3016520,Beta globulin [Mass/volume] in Serum or Plasma by Electrophoresis,LOINC
3002278,Androstenedione [Mass/volume] in Serum or Plasma,LOINC
3016723,Creatinine [Mass/volume] in Serum or Plasma,LOINC
3011337,Aldosterone [Mass/volume] in Serum or Plasma,LOINC
3011547,Coagulation factor VII activity actual/normal in Platelet poor plasma by Coagulation assay,LOINC
3002551,Phenytoin Free/Phenytoin.total in Serum or Plasma,LOINC
3011793,Glutamate [Moles/volume] in Serum or Plasma,LOINC
3017250,Creatinine [Mass/volume] in Urine,LOINC
3011960,Natriuretic peptide B [Mass/volume] in Serum or Plasma,LOINC
3012336,Haptoglobin [Mass/volume] in Serum or Plasma,LOINC
3012377,Coagulation studies (set),LOINC
3012917,Deprecated Streptococcus pneumoniae 8 IgG Ab [Mass/volume] in Serum,LOINC
3012984,Norclozapine [Mass/volume] in Serum or Plasma,LOINC
3012989,Citrate [Moles/time] in 24 hour Urine,LOINC
3013429,Basophils [#/volume] in Blood by Automated count,LOINC
3013603,Prostate specific Ag [Mass/volume] in Serum or Plasma,LOINC
3013869,Basophils/100 leukocytes in Blood by Automated count,LOINC
3014007,Fractional oxyhemoglobin in Arterial blood,LOINC
3014078,IgG synthesis rate [Mass/time] in Serum and CSF by calculation,LOINC
3017330,Ornithine [Moles/volume] in Serum or Plasma,LOINC
3017394,Zinc [Mass/volume] in Serum or Plasma,LOINC
3003245,Complement C1 esterase inhibitor [Mass/volume] in Serum or Plasma,LOINC
3015021,Porphobilinogen [Mass/volume] in 24 hour Urine,LOINC
3017597,Amitriptyline [Mass/volume] in Serum or Plasma,LOINC
3017766,Complement C4 [Mass/volume] in Serum or Plasma,LOINC
3015200,Metanephrine [Mass/volume] in Serum or Plasma,LOINC
3015632,"Carbon dioxide, total [Moles/volume] in Serum or Plasma",LOINC
3016426,Methylmalonate [Moles/volume] in Serum or Plasma,LOINC
3018465,Oxygen saturation in Mixed venous blood,LOINC
3016450,Mercury [Mass/volume] in Blood,LOINC
3018808,LORazepam [Mass/volume] in Urine by Confirmatory method,LOINC
3016662,Creatinine [Mass/volume] in Body fluid,LOINC
3019531,Acetone [Mass/volume] in Serum or Plasma,LOINC
3019652,Selenium [Mass/volume] in Serum or Plasma,LOINC
3016811,Deprecated Streptococcus pneumoniae 19 IgG Ab [Mass/volume] in Serum,LOINC
3019660,Alloisoleucine [Moles/volume] in Serum or Plasma,LOINC
3016851,Normetanephrine [Mass/volume] in Serum or Plasma,LOINC
3016991,Thyroxine (T4) [Mass/volume] in Serum or Plasma,LOINC
3017085,Methionine [Moles/volume] in Serum or Plasma,LOINC
3020416,Erythrocytes [#/volume] in Blood by Automated count,LOINC
3020725,Methylenedioxymethamphetamine [Mass/volume] in Urine,LOINC
3021220,Alpha hydroxyalprazolam [Mass/volume] in Urine by Confirmatory method,LOINC
3021447,Carbon dioxide [Partial pressure] in Venous blood,LOINC
3022493,Free Hemoglobin [Mass/volume] in Plasma,LOINC
3022509,Hyaline casts [#/area] in Urine sediment by Microscopy low power field,LOINC
3017197,Lymphocytes/100 leukocytes in Bronchial specimen,LOINC
3022533,CD3 cells/100 cells in Blood,LOINC
3017264,Hydroxyproline [Moles/volume] in Serum or Plasma,LOINC
3003562,Thiocyanate [Mass/volume] in Serum or Plasma,LOINC
3023261,lamoTRIgine [Mass/volume] in Serum or Plasma,LOINC
3017275,Cortisol [Mass/time] in 24 hour Urine,LOINC
3017886,Deprecated Streptococcus pneumoniae 9 IgG Ab [Mass/volume] in Serum,LOINC
3023854,Nordiazepam [Mass/volume] in Urine by Confirmatory method,LOINC
3024354,Oxygen [Partial pressure] in Venous blood,LOINC
3024561,Albumin [Mass/volume] in Serum or Plasma,LOINC
3024821,Threonine [Moles/volume] in Serum or Plasma,LOINC
3024865,Alpha tocopherol [Mass/volume] in Serum or Plasma,LOINC
3018405,Lactate [Moles/volume] in Arterial blood,LOINC
3024929,Platelets [#/volume] in Blood by Automated count,LOINC
3025313,Albumin [Mass/volume] in Body fluid,LOINC
3019420,Tryptase [Mass/volume] in Serum or Plasma,LOINC
3025411,PHENobarbital [Mass/volume] in Serum or Plasma,LOINC
3019550,Sodium [Moles/volume] in Serum or Plasma,LOINC
3019965,Metanephrine [Mass/time] in 24 hour Urine,LOINC
3004119,Hemoglobin [Mass/volume] in Venous blood,LOINC
3027126,Copper [Mass/volume] in Serum or Plasma,LOINC
3020716,Inhaled oxygen concentration,LOINC
3027946,Carbon dioxide [Partial pressure] in Arterial blood,LOINC
3021374,Sirolimus [Mass/volume] in Blood,LOINC
3028110,Bile acid [Moles/volume] in Serum or Plasma,LOINC
3021453,Eosinophils/100 leukocytes in Body fluid,LOINC
3028193,Bilirubin.total [Mass/volume] in Body fluid,LOINC
3028447,Cobalt [Mass/volume] in Serum or Plasma,LOINC
3022338,Retinol [Mass/volume] in Serum or Plasma,LOINC
3028639,carBAMazepine [Mass/volume] in Serum or Plasma,LOINC
3023103,Potassium [Moles/volume] in Serum or Plasma,LOINC
3029227,Varicella zoster virus DNA [#/volume] (viral load) in Unspecified specimen by NAA with probe detection,LOINC
3023314,Hematocrit [Volume Fraction] of Blood by Automated count,LOINC
3029749,Triple phosphate crystals [#/area] in Urine sediment by Microscopy low power field,LOINC
3023465,Gamma globulin [Mass/volume] in Serum or Plasma by Electrophoresis,LOINC
3029847,von Willebrand factor (vWf).collagen binding activity actual/normal in Platelet poor plasma by Immunoassay,LOINC
3023599,MCV [Entitic volume] by Automated count,LOINC
3030658,Nornicotine [Mass/volume] in Urine,LOINC
3024144,Protoporphyrin.zinc [Molar ratio] in Red Blood Cells,LOINC
3030934,Anabasine [Mass/volume] in Urine,LOINC
3004254,Isoleucine [Moles/volume] in Serum or Plasma,LOINC
3024928,Oxygen saturation in Venous blood,LOINC
3024980,IgG subclass 4 [Mass/volume] in Serum,LOINC
3031103,Voltage-gated potassium channel Ab [Moles/volume] in Serum,LOINC
3025159,Blasts/100 leukocytes in Blood,LOINC
3004501,Glucose [Mass/volume] in Serum or Plasma,LOINC
3025547,Thyroglobulin Ab [Units/volume] in Serum or Plasma,LOINC
3031306,Deprecated Calcidiol+Calciferol [Mass/volume] in Serum or Plasma,LOINC
3025673,Glucose [Mass/volume] in Serum or Plasma --2 hours post 75 g glucose PO,LOINC
3032567,Hepatitis B virus DNA [Units/volume] (viral load) in Serum or Plasma by NAA with probe detection,LOINC
3025911,Cotinine [Mass/volume] in Urine,LOINC
3026782,Osmolality of Urine,LOINC
3032682,Adenovirus DNA [#/volume] (viral load) in Unspecified specimen by NAA with probe detection,LOINC
3027114,Cholesterol [Mass/volume] in Serum or Plasma,LOINC
3032729,Buprenorphine [Mass/volume] in Urine by Confirmatory method,LOINC
3027476,Ascorbate [Mass/volume] in Serum or Plasma,LOINC
3033526,Urate [Mass/volume] in Urine,LOINC
3027970,Globulin [Mass/volume] in Serum by calculation,LOINC
3028167,CD3+CD4+ (T4 helper) cells [#/volume] in Blood,LOINC
3028339,Corynebacterium diphtheriae IgG Ab [Units/volume] in Serum,LOINC
3028718,17-Hydroxyprogesterone [Mass/volume] in Serum or Plasma,LOINC
3033745,Troponin I.cardiac [Mass/volume] in Blood,LOINC
3029713,Protein.monoclonal band 1 [Mass/volume] in Serum or Plasma by Electrophoresis,LOINC
3034843,Oxazepam [Mass/volume] in Urine by Confirmatory method,LOINC
3029815,Collection interval from baseline of Unspecified specimen,LOINC
3034962,Glucose [Mass/volume] in Capillary blood by Glucometer,LOINC
3030124,Herpes simplex virus 1+2 DNA [#/volume] (viral load) in Unspecified specimen by NAA with probe detection,LOINC
3035283,Acetylcholine receptor ganglionic neuronal Ab [Moles/volume] in Serum,LOINC
3030173,Ketones [Mass/volume] in Urine by Automated test strip,LOINC
3035350,Ketones [Presence] in Urine by Test strip,LOINC
3004722,Prolactin [Mass/volume] in Serum or Plasma,LOINC
3030959,Coagulation factor X activity actual/normal in Platelet poor plasma by Chromogenic method,LOINC
3037556,Urate [Mass/volume] in Serum or Plasma,LOINC
3032842,CD3+CD16+CD56+ cells [#/volume] in Blood,LOINC
3038071,Oxygen [Partial pressure] in Mixed venous blood,LOINC
3038207,HIV 1 RNA [#/volume] (viral load) in Unspecified specimen by NAA with probe detection,LOINC
3035015,Normetanephrine [Mass/time] in 24 hour Urine,LOINC
3038989,Phosphate crystals amorphous [#/area] in Urine sediment by Microscopy low power field,LOINC
3039499,"1,5-Anhydroglucitol [Mass/volume] in Serum or Plasma",LOINC
3035124,Erythrocytes [#/area] in Urine sediment by Microscopy high power field,LOINC
3041086,Calcium oxalate crystals [#/area] in Urine sediment by Microscopy low power field,LOINC
3042149,Urate crystals [#/area] in Urine sediment by Microscopy low power field,LOINC
3042211,Deprecated Streptococcus pneumoniae 2 IgG Ab [Mass/volume] in Serum,LOINC
3036955,Alkaline phosphatase.liver/Alkaline phosphatase.total in Serum or Plasma,LOINC
3037491,Amphetamines [Mass/volume] in Urine by Confirmatory method,LOINC
3046152,Trichomonas sp [#/area] in Urine sediment by Microscopy low power field,LOINC
3037511,Lymphocytes/100 leukocytes in Blood by Automated count,LOINC
3046664,Lipoprotein a [Moles/volume] in Serum or Plasma,LOINC
3038601,CD4 stimulated ATP immune response [Mass/volume] in Blood,LOINC
3047596,Herpes virus 6 DNA [#/volume] (viral load) in Unspecified specimen by NAA with probe detection,LOINC
3048415,Thrombin time in Platelet poor plasma by Coagulation assay --after addition of heparinase,LOINC
3038664,Deprecated Streptococcus pneumoniae 43 IgG Ab [Mass/volume] in Serum,LOINC
3050371,Gliadin peptide IgG Ab [Presence] in Serum by Immunoassay,LOINC
3039712,7-Aminoflunitrazepam [Mass/volume] in Urine by Confirmatory method,LOINC
3039896,Glucose [Mass/volume] in Urine by Automated test strip,LOINC
3040975,7-Aminoclonazepam [Mass/volume] in Urine by Confirmatory method,LOINC
4091110,Type 1 hypersensitivity skin test,SNOMED
3041268,Histoplasma capsulatum Ag [Mass/volume] in Serum by Immunoassay,LOINC
4239408,Heart rate,SNOMED
4258677,Blood group typing,SNOMED
3041952,Clotting time of Blood by Thromboelastography,LOINC
40758310,Human epididymis protein 4 [Moles/volume] in Serum or Plasma,LOINC
3042272,von Willebrand factor (vWf) cleaving protease actual/normal in Platelet poor plasma by Chromogenic method,LOINC
40761484,Norfentanyl [Mass/volume] in Urine by Confirmatory method,LOINC
3043000,Haptoglobin [Mass/volume] in Serum or Plasma by Nephelometry,LOINC
40761549,Microalbumin ug/min [Mass/time] in 24 hour Urine,LOINC
3043147,Voltage-gated calcium channel P/Q type binding Ab [Moles/volume] in Serum,LOINC
40763528,Reticulocytes [#/volume] in Blood by Automated count,LOINC
40766061,RNA polymerase III Ab [Units/volume] in Serum by Immunoassay,LOINC
3044549,Streptococcus pneumoniae Danish serotype 19A IgG Ab [Mass/volume] in Serum,LOINC
40771875,HIV 2 RNA [Units/volume] (viral load) in Serum or Plasma by NAA with probe detection,LOINC
45771331,Temperature,SNOMED
3045723,Viable cells/100 cells in Unspecified specimen,LOINC
3045807,Hemoglobin S/Hemoglobin.total in Blood by HPLC,LOINC
3046731,Epithelial cells.squamous [#/area] in Urine sediment by Microscopy low power field,LOINC
3047826,Mullerian inhibiting substance [Mass/volume] in Serum or Plasma,LOINC
3048220,Fractional excretion of sodium [Ratio] in Urine and Serum or Plasma,LOINC
3048918,Histoplasma capsulatum Ag [Mass/volume] in Urine,LOINC
3005013,Prostate Specific Ag Free [Mass/volume] in Serum or Plasma,LOINC
3049862,Hemoglobin pattern [Interpretation] in Blood by HPLC,LOINC
3050068,Calcium.ionized [Moles/volume] in Blood by Ion-selective membrane electrode (ISE),LOINC
3050218,Voriconazole [Mass/volume] in Serum or Plasma,LOINC
3051825,Creatinine [Mass/volume] in Blood,LOINC
4154790,Diastolic blood pressure,SNOMED
40760528,Thyrotropin receptor Ab [Units/volume] in Serum by Immunoassay,LOINC
3005031,Microalbumin [Mass/volume] in 24 hour Urine,LOINC
3000121,Eosinophils/100 leukocytes in Bronchial specimen,LOINC
40761530,"2-Ethylidene-1,5-Dimethyl-3,3-Diphenylpyrrolidine (EDDP) [Mass/volume] in Urine by Confirmatory method",LOINC
3005109,Reducing substances [Mass/volume] in Stool,LOINC
40763517,Insulin Ab [Moles/volume] in Serum,LOINC
40765040,25-Hydroxyvitamin D2+25-Hydroxyvitamin D3 [Mass/volume] in Serum or Plasma,LOINC
3005478,Glucose [Mass/time] in 24 hour Urine,LOINC
40766830,Hemoglobin observations newborn screening panel,LOINC
3005577,Microalbumin [Mass/time] in 24 hour Urine,LOINC
3000310,Clozapine+Norclozapine [Mass/volume] in Serum or Plasma,LOINC
40769408,Clot angle in Blood by Thromboelastography,LOINC
3005715,Vancomycin [Mass/volume] in Serum or Plasma,LOINC
3000385,Deprecated Streptococcus pneumoniae 5 IgG Ab [Mass/volume] in Serum,LOINC
40770918,von Willebrand factor (vWf).activity actual/normal in Platelet poor plasma by Immunoassay,LOINC
3005785,Creatine kinase.MB [Mass/volume] in Serum or Plasma,LOINC
3000712,Streptococcus pneumoniae Danish serotype 9V IgG Ab [Units/volume] in Serum,LOINC
42869589,Cryoglobulin/Serum.total [Pure volume fraction] in Serum by Spun Westergren,LOINC
43055442,Apixaban [Mass/volume] in Serum or Plasma,LOINC
43055458,Rivaroxaban [Mass/volume] in Serum or Plasma,LOINC
3006217,Methemoglobin/Hemoglobin.total in Arterial blood,LOINC
3001127,Alpha 1 antitrypsin [Mass/volume] in Serum or Plasma by Nephelometry,LOINC
3001420,Magnesium [Mass/volume] in Serum or Plasma,LOINC
3006615,Calciferol (Vit D2) [Mass/volume] in Serum or Plasma,LOINC
3001784,Prostate Specific Ag Free/Prostate specific Ag.total in Serum or Plasma,LOINC
3006636,Metanephrines [Mass/time] in 24 hour Urine,LOINC
3002435,Spermatozoa Motile [Presence] in Semen by Light microscopy,LOINC
46234829,Other cells/100 leukocytes in Body fluid by Manual count,LOINC
3003159,Erythrocytes [#/volume] in Body fluid by Automated count,LOINC
3006653,Thiamine [Moles/volume] in Blood,LOINC
3003771,Antithrombin Ag actual/normal in Platelet poor plasma by Immunoassay,LOINC
3006675,Methylenedioxyamphetamine [Mass/volume] in Urine,LOINC
3006762,Serine [Moles/volume] in Serum or Plasma,LOINC
3004239,Creatinine [Mass/time] in 24 hour Urine,LOINC
3004248,Sex hormone binding globulin [Moles/volume] in Serum or Plasma,LOINC
3004775,Volume in Urine collected for unspecified duration,LOINC
3007332,Glucose [Mass/volume] in Serum or Plasma --1 hour post 75 g glucose PO,LOINC
3004944,Lidocaine [Mass/volume] in Serum or Plasma,LOINC
3004955,Tyrosine [Moles/volume] in Serum or Plasma,LOINC
3007430,Valine [Moles/volume] in Serum or Plasma,LOINC
3005050,Acylcarnitine [Moles/volume] in Serum or Plasma,LOINC
3005190,oxyCODONE [Mass/volume] in Urine by Confirmatory method,LOINC
3008037,Lactate [Moles/volume] in Venous blood,LOINC
3005229,Alpha 2 globulin [Mass/volume] in Serum or Plasma by Electrophoresis,LOINC
3008090,Dopamine [Mass/time] in 24 hour Urine,LOINC
3005353,Prothrombin activity actual/normal in Platelet poor plasma by Coagulation assay,LOINC
3005491,Lactate [Moles/volume] in Plasma venous,LOINC
3008295,Osmolality of Serum or Plasma,LOINC
3006028,Cotinine [Mass/volume] in Serum or Plasma,LOINC
3008575,Glycine [Moles/volume] in Serum or Plasma,LOINC
3006906,Calcium [Mass/volume] in Serum or Plasma,LOINC
3009582,Glucose [Mass/volume] in Serum or Plasma --3 hours post 75 g glucose PO,LOINC
3006972,N-desalkylflurazepam [Mass/volume] in Urine by Confirmatory method,LOINC
3009682,Cortisol [Mass/volume] in Serum or Plasma,LOINC
3007070,Cholesterol in HDL [Mass/volume] in Serum or Plasma,LOINC
3009927,Gastrin [Mass/volume] in Serum or Plasma,LOINC
3007256,Osmolality of Stool,LOINC
3010296,Alpha-1-Fetoprotein [Mass/volume] in Amniotic fluid,LOINC
3010641,Ethanol [Mass/volume] in Urine,LOINC
3007302,Hemoglobin [Mass/volume] in Mixed venous blood,LOINC
3010989,Calcitonin [Mass/volume] in Serum or Plasma,LOINC
3007352,Cholesterol in VLDL [Mass/volume] in Serum or Plasma,LOINC
3011424,Glucose [Mass/volume] in Blood by Automated test strip,LOINC
3007368,IgG [Mass/volume] in Cerebral spinal fluid,LOINC
3011483,Granular casts [#/area] in Urine sediment by Microscopy low power field,LOINC
3007696,Carbon dioxide [Partial pressure] in Venous cord blood,LOINC
3011904,Phosphate [Mass/volume] in Serum or Plasma,LOINC
3007854,Proline [Moles/volume] in Serum or Plasma,LOINC
3011948,Monocytes/100 leukocytes in Blood by Automated count,LOINC
3011965,Urea nitrogen [Mass/volume] in Urine,LOINC
3012671,Monocytes+Macrophages/100 leukocytes in Body fluid,LOINC
3013273,Insulin-like growth factor-I [Mass/volume] in Serum or Plasma,LOINC
3008342,Neutrophils/100 leukocytes in Blood by Automated count,LOINC
3013474,6-Monoacetylmorphine (6-MAM) [Mass/volume] in Urine by Confirmatory method,LOINC
3008377,Lysine [Moles/volume] in Serum or Plasma,LOINC
3013650,Neutrophils [#/volume] in Blood by Automated count,LOINC
3008511,Leukocytes other [#/volume] in Blood,LOINC
3013707,Erythrocyte sedimentation rate by Westergren method,LOINC
3009041,Cardiolipin IgG Ab [Units/volume] in Serum by Immunoassay,LOINC
3009118,Cardiolipin IgA Ab [Units/volume] in Serum by Immunoassay,LOINC
3009172,Alanine [Moles/volume] in Serum or Plasma,LOINC
3013741,HYDROmorphone [Mass/volume] in Urine by Confirmatory method,LOINC
3009306,Alpha-1-Fetoprotein [Mass/volume] in Serum or Plasma,LOINC
3013770,Testosterone [Mass/volume] adjusted for sex hormone binding globulin in Serum or Plasma,LOINC
3009744,MCHC [Mass/volume] by Automated count,LOINC
3013784,Calcium.ionized [Moles/volume] in Serum or Plasma by Ion-selective membrane electrode (ISE),LOINC
3009782,Hydroxyethylflurazepam [Mass/volume] in Urine by Confirmatory method,LOINC
3014390,Basophils/100 leukocytes in Bronchial specimen,LOINC
3010084,C peptide [Mass/volume] in Serum or Plasma,LOINC
3014502,Neutrophils/100 leukocytes in Body fluid,LOINC
3010119,Morphine [Mass/volume] in Urine by Confirmatory method,LOINC
3010454,Acetylcholine receptor binding Ab [Moles/volume] in Serum,LOINC
3014512,Acetylcholine receptor modulation Ab/Acetylcholine Ab.total in Serum,LOINC
3011066,Myoglobin [Mass/volume] in Urine,LOINC
3014535,oxyMORphone [Mass/volume] in Urine by Confirmatory method,LOINC
3011335,Digoxin [Mass/volume] in Serum or Plasma,LOINC
3014941,Methadone [Mass/volume] in Urine by Confirmatory method,LOINC
3012030,MCH [Entitic mass] by Automated count,LOINC
3015242,Ferritin [Mass/volume] in Serum or Plasma by Immunoassay,LOINC
3012803,Propoxyphene [Mass/volume] in Urine by Confirmatory method,LOINC
3016502,Oxygen saturation in Arterial blood,LOINC
3016724,Homocysteine [Moles/volume] in Serum or Plasma,LOINC
3013731,Hepatitis B virus surface Ab [Units/volume] in Serum or Plasma by Immunoassay,LOINC
3016750,Collection duration of Urine,LOINC
3013735,Carcinoembryonic Ag [Mass/volume] in Body fluid,LOINC
3017018,EPINEPHrine [Mass/time] in 24 hour Urine,LOINC
3014399,Arginine [Moles/volume] in Serum or Plasma,LOINC
3017115,Methotrexate [Moles/volume] in Serum or Plasma,LOINC
3014404,Nicotine [Mass/volume] in Urine,LOINC
3017294,Collection duration of Stool,LOINC
3014576,Chloride [Moles/volume] in Serum or Plasma,LOINC
3017925,Prealbumin [Mass/volume] in Serum or Plasma by Immunoassay,LOINC
3014791,Apolipoprotein B [Mass/volume] in Serum or Plasma,LOINC
3018173,Methanol [Mass/volume] in Serum or Plasma,LOINC
3015049,Glutamine [Moles/volume] in Serum or Plasma,LOINC
3015232,Cholesterol [Mass/volume] in Body fluid,LOINC
3018595,Inhibin A [Mass/volume] in Serum or Plasma,LOINC
3015322,Alpha 1 globulin [Mass/volume] in Serum or Plasma by Electrophoresis,LOINC
3018677,aPTT in Platelet poor plasma by Coagulation assay,LOINC
3015544,Glucose [Mass/volume] in Peritoneal dialysis fluid,LOINC
3018910,Alkaline phosphatase.bone [Mass/volume] in Serum or Plasma,LOINC
3015546,Aspartate [Moles/volume] in Serum or Plasma,LOINC
3018920,Vancomycin [Mass/volume] in Serum or Plasma --trough,LOINC
3015603,HYDROcodone [Mass/volume] in Urine by Confirmatory method,LOINC
3019473,Protein [Mass/volume] in Cerebral spinal fluid,LOINC
3019839,Fructosamine [Moles/volume] in Serum or Plasma,LOINC
3015884,Dehydroepiandrosterone sulfate (DHEA-S) [Mass/volume] in Serum or Plasma,LOINC
3016049,Testosterone Free [Mass/volume] in Serum or Plasma,LOINC
3016115,Histidine [Moles/volume] in Serum or Plasma,LOINC
3016201,Valproate [Mass/volume] in Serum or Plasma,LOINC
3020149,Calcidiol [Mass/volume] in Serum or Plasma,LOINC
3016254,Gentamicin [Mass/volume] in Serum or Plasma --trough,LOINC
3020287,Protein C actual/normal in Platelet poor plasma by Coagulation assay,LOINC
3020331,Lead [Mass/volume] in Blood,LOINC
3020475,"Ethylene glycol [Mass/volume] in Serum, Plasma or Blood",LOINC
3016728,Homocystine [Moles/volume] in Serum or Plasma,LOINC
3016948,Activated clotting time (ACT) of Blood by Coagulation assay,LOINC
3020990,Alkaline phosphatase.intestinal/Alkaline phosphatase.total in Serum or Plasma,LOINC
3017019,Digoxin Free [Mass/volume] in Serum or Plasma,LOINC
3021044,Iron binding capacity [Mass/volume] in Serum or Plasma,LOINC
3021302,Basophils/100 leukocytes in Body fluid,LOINC
3021513,Carbon dioxide [Partial pressure] in Mixed venous blood,LOINC
3018048,Streptococcus pneumoniae Danish serotype 7F IgG Ab [Units/volume] in Serum,LOINC
3021614,Rheumatoid factor [Units/volume] in Serum or Plasma,LOINC
3018105,Temazepam [Mass/volume] in Urine by Confirmatory method,LOINC
3018447,Hepatitis C virus RNA [Units/volume] (viral load) in Serum or Plasma by NAA with probe detection,LOINC
3018601,Magnesium [Mass/time] in 24 hour Urine,LOINC
3022548,Glucose [Mass/volume] in Cerebral spinal fluid,LOINC
3019230,Fractional oxyhemoglobin in Venous blood,LOINC
3019250,Coagulation factor VIII activity actual/normal in Platelet poor plasma by Coagulation assay,LOINC
3022756,Ceruloplasmin [Mass/volume] in Serum or Plasma,LOINC
3019370,Meperidine [Mass/volume] in Urine by Confirmatory method,LOINC
3022813,Phenylalanine [Moles/volume] in Serum or Plasma,LOINC
3019812,Kappa light chains [Mass/volume] in Serum or Plasma,LOINC
3019897,Erythrocyte distribution width [Ratio] by Automated count,LOINC
3023101,Deprecated Streptococcus pneumoniae 12 IgG Ab [Mass/volume] in Serum,LOINC
3023709,Somatotropin [Mass/volume] in Serum or Plasma,LOINC
3020630,Protein [Mass/volume] in Serum or Plasma,LOINC
3020666,levETIRAcetam [Mass/volume] in Serum or Plasma,LOINC
3021119,Calcium.ionized [Moles/volume] in Blood,LOINC
3021337,Troponin I.cardiac [Mass/volume] in Serum or Plasma,LOINC
3024889,Methemoglobin/Hemoglobin.total in Venous blood,LOINC
3021600,Valproate Free [Mass/volume] in Serum or Plasma,LOINC
3025234,Taurine [Moles/volume] in Serum or Plasma,LOINC
3021706,Oxygen [Partial pressure] in Arterial cord blood,LOINC
3025886,Oxalate [Mass/time] in 24 hour Urine,LOINC
3022192,Triglyceride [Mass/volume] in Serum or Plasma,LOINC
3026156,Glutamate decarboxylase 65 Ab [Moles/volume] in Serum,LOINC
3022563,Serotonin [Mass/volume] in Blood,LOINC
3022616,Phenytoin [Mass/volume] in Serum or Plasma,LOINC
3023091,Interleukin 6 [Mass/volume] in Serum or Plasma,LOINC
3026677,Oxygen [Partial pressure] in Venous cord blood,LOINC
3023659,Complement C1 esterase inhibitor.functional/Complement C1 esterase inhibitor.total in Serum or Plasma,LOINC
3027144,Progesterone [Mass/volume] in Serum or Plasma,LOINC
3024128,Bilirubin.total [Mass/volume] in Serum or Plasma,LOINC
3024139,IgG subclass 3 [Mass/volume] in Serum,LOINC
3027597,Bilirubin.direct [Mass/volume] in Serum or Plasma,LOINC
3024408,Eosinophils/100 leukocytes in Urine sediment by Manual count,LOINC
3028411,Cryoglobulin [Presence] in Serum by 3 day cold incubation,LOINC
3028615,Eosinophils [#/volume] in Blood by Automated count,LOINC
3024474,Albumin [Mass/volume] in Cerebral spinal fluid,LOINC
3028653,Carboxyhemoglobin/Hemoglobin.total in Arterial blood,LOINC
3024826,Deprecated Streptococcus pneumoniae 3 IgG Ab [Mass/volume] in Serum,LOINC
3028691,Coagulation factor X activated actual/normal in Platelet poor plasma by Chromogenic method,LOINC
3025285,Estradiol (E2) [Mass/volume] in Serum or Plasma,LOINC
3025363,Methamphetamine [Mass/volume] in Urine by Confirmatory method,LOINC
3029197,Voltage-gated calcium channel N type binding Ab [Moles/volume] in Serum,LOINC
3026729,Phosphate [Mass/volume] in Urine,LOINC
3031067,HIV 1 p24 Ag [Mass/volume] in Serum or Plasma by Immunoassay,LOINC
3026925,Triiodothyronine (T3) Free [Mass/volume] in Serum or Plasma,LOINC
3027123,Macrophages/100 leukocytes in Bronchial specimen,LOINC
3031282,Methemoglobin/Hemoglobin.total in Mixed venous blood,LOINC
3027135,IgG subclass 1 [Mass/volume] in Serum,LOINC
3027361,Cholecalciferol (Vit D3) [Mass/volume] in Serum or Plasma,LOINC
3032663,Fractional oxyhemoglobin in Mixed venous blood,LOINC
3032739,Alpha hydroxytriazolam [Mass/volume] in Urine by Confirmatory method,LOINC
3027491,Helicobacter pylori IgG Ab [Units/volume] in Serum by Immunoassay,LOINC
3032768,Coagulation factor VIII activity actual/normal in Platelet poor plasma by Chromogenic method,LOINC
3027653,Mycophenolate [Mass/volume] in Serum or Plasma,LOINC
3033543,Specific gravity of Urine,LOINC
3027801,Oxygen [Partial pressure] in Arterial blood,LOINC
3033882,Carnitine [Moles/volume] in Serum or Plasma,LOINC
3027831,CD3-CD16+CD56+ (Natural killer) cells/100 cells in Blood,LOINC
3035569,Folate [Mass/volume] in Red Blood Cells,LOINC
3028026,IgM [Mass/volume] in Serum or Plasma,LOINC
3035797,Protein.monoclonal band 2 [Mass/volume] in Serum or Plasma by Electrophoresis,LOINC
3036035,von Willebrand factor (vWf) Ag actual/normal in Platelet poor plasma by Immunoassay,LOINC
3028054,Vasoactive intestinal peptide [Mass/volume] in Serum or Plasma,LOINC
3036489,Thrombin time,LOINC
3028079,Lymphocytes/100 leukocytes in Body fluid,LOINC
3036887,Ammonia [Mass/volume] in Plasma,LOINC
3028192,IgG subclass 2 [Mass/volume] in Serum,LOINC
3038056,Oxalate [Mass/volume] in 24 hour Urine,LOINC
3028437,Cholesterol in LDL [Mass/volume] in Serum or Plasma,LOINC
3038232,Streptococcus pneumoniae Danish serotype 33F IgG Ab [Mass/volume] in Serum,LOINC
3028502,Macrophages/100 leukocytes in Cerebral spinal fluid,LOINC
3039000,Anion gap in Blood,LOINC
3029071,Hemoglobin F/Hemoglobin.total in Blood by HPLC,LOINC
3040126,Deprecated Streptococcus pneumoniae 22 IgG Ab [Mass/volume] in Serum,LOINC
3029872,Protein [Mass/volume] in Urine by Automated test strip,LOINC
3030260,Glucose [Presence] in Urine by Automated test strip,LOINC
3041598,CD3+CD4+ (T4 helper) cells/100 cells in Bronchial specimen,LOINC
3030558,Cytomegalovirus DNA [Units/volume] (viral load) in Unspecified specimen by NAA with probe detection,LOINC
3042065,Streptococcus pneumoniae Danish serotype 15B IgG Ab [Mass/volume] in Serum,LOINC
3042091,Rubella virus Ab [Units/volume] in Serum by Immunoassay,LOINC
3031305,aPTT panel - Platelet poor plasma,LOINC
3042284,Yeast [#/area] in Urine sediment by Microscopy low power field,LOINC
3032926,Unidentified cells/100 leukocytes in Body fluid,LOINC
3042588,Mixed cellular casts [#/area] in Urine sediment by Microscopy low power field,LOINC
3033445,BK virus DNA [#/volume] (viral load) in Serum or Plasma by NAA with probe detection,LOINC
3033504,Pyridoxal phosphate [Mass/volume] in Serum or Plasma,LOINC
3033575,Monocytes [#/volume] in Blood by Automated count,LOINC
3043507,Leukocytes [#/area] in Urine sediment by Microscopy low power field,LOINC
3044806,Columnar cells/100 cells in Bronchial specimen,LOINC
3045781,Inhibin B [Mass/volume] in Serum or Plasma,LOINC
3046538,Tissue transglutaminase IgA Ab [Units/volume] in Serum by Immunoassay,LOINC
3033670,Parathyrin related protein [Moles/volume] in Serum or Plasma,LOINC
3048505,Hepatitis B virus DNA [log units/volume] (viral load) in Serum or Plasma by NAA with probe detection,LOINC
3034030,Carboxyhemoglobin/Hemoglobin.total in Mixed venous blood,LOINC
3034244,Calcium [Mass/volume] in Urine collected for unspecified duration,LOINC
3051677,Cystic fibrosis newborn screen interpretation,LOINC
3034426,Prothrombin time (PT),LOINC
3053283,"Glomerular filtration rate/1.73 sq M.predicted among blacks [Volume Rate/Area] in Serum, Plasma or Blood by Creatinine-based formula (MDRD)",LOINC
3034629,BK virus DNA [#/volume] (viral load) in Urine by NAA with probe detection,LOINC
4005186,Drug measurement,SNOMED
3034959,Clostridium tetani toxoid Ab [Units/volume] in Serum by Immunoassay,LOINC
4149355,Antibody measurement,SNOMED
4192940,Phenylketonuria screening test,SNOMED
3035637,Corticotropin [Mass/volume] in Plasma,LOINC
4198132,Hematology screening test,SNOMED
4313591,Respiratory rate,SNOMED
21492556,Lysophosphatidylcholine(26:0) [Moles/volume] in DBS,LOINC
3036429,Epithelial cells/100 cells in Body fluid,LOINC
3036535,Thyroglobulin [Mass/volume] in Serum or Plasma,LOINC
3036581,Mucus [#/area] in Urine sediment by Microscopy low power field,LOINC
40759598,Thyroperoxidase Ab [Units/volume] in Serum or Plasma by Immunoassay,LOINC
3036603,Volume of Urine,LOINC
40761490,Normeperidine [Mass/volume] in Urine by Confirmatory method,LOINC
3036669,Protein S actual/normal in Platelet poor plasma by Coagulation assay,LOINC
40761514,Nucleated erythrocytes/100 leukocytes [Ratio] in Blood by Automated count,LOINC
40762102,Fractional excretion of urea [Ratio] in Urine and Serum or Plasma collected for unspecified duration,LOINC
3037110,Fasting glucose [Mass/volume] in Serum or Plasma,LOINC
3037121,Protein [Mass/volume] in Urine,LOINC
40763515,Herpes simplex virus 1 DNA [#/volume] (viral load) in Unspecified specimen by NAA with probe detection,LOINC
40764183,Norhydrocodone [Mass/volume] in Urine by Confirmatory method,LOINC
3037684,Citrulline [Moles/volume] in Serum or Plasma,LOINC
40770435,Cells Counted Total [#] in Bronchial specimen,LOINC
3038568,Deprecated Streptococcus pneumoniae 34 IgG Ab [Mass/volume] in Serum,LOINC
42869447,Nucleated cells [#/volume] in Body fluid by Automated count,LOINC
44783982,Measurement of body mass index,SNOMED
3039802,Deprecated Streptococcus pneumoniae 17 IgG Ab [Mass/volume] in Serum,LOINC
44786754,Tacrolimus [Mass/volume] in Blood by LC/MS/MS,LOINC
44787062,Parvovirus B19 DNA [log units/volume] (viral load) in Serum or Plasma by NAA with probe detection,LOINC
3040808,Maximum clot firmness [Length] in Blood by Thromboelastography,LOINC
3041084,Immature granulocytes [#/volume] in Blood by Automated count,LOINC
3041232,aPTT in Platelet poor plasma by Coagulation assay --post heparin adsorption,LOINC
3042455,Deprecated Streptococcus pneumoniae 20 IgG Ab [Mass/volume] in Serum,LOINC
3043697,Volume of Bronchial specimen,LOINC
44816559,Phosphatidylethanol [Mass/volume] in Blood,LOINC
3044319,Citrate [Moles/volume] in Urine,LOINC
3045206,von Willebrand factor (vWf) cleaving protease inhibitor [Presence] in Platelet poor plasma,LOINC
3045207,Oxalate [Moles/volume] in 24 hour Urine,LOINC
3045716,Anion gap in Serum or Plasma,LOINC
3045859,Age at delivery,LOINC
3046279,Procalcitonin [Mass/volume] in Serum or Plasma,LOINC
3046825,Epithelial cells.renal [#/area] in Urine sediment by Microscopy low power field,LOINC
3047500,Thyroglobulin recovery in Serum or Plasma,LOINC
3049187,"Glomerular filtration rate/1.73 sq M.predicted among non-blacks [Volume Rate/Area] in Serum, Plasma or Blood by Creatinine-based formula (MDRD)",LOINC
3049536,25-Hydroxycalciferol [Mass/volume] in Serum or Plasma,LOINC
4034850,Laboratory test,SNOMED
4148721,Measurement of blood toxic substance level,SNOMED
4152194,Systolic blood pressure,SNOMED
4208622,Microscopic examination of cervical Papanicolaou smear,SNOMED
4237017,Genetic test,SNOMED
40758926,cycloSPORINE [Mass/volume] in Blood by LC/MS/MS,LOINC
40760205,Congenital adrenal hyperplasia newborn screening panel,LOINC
40761482,fentaNYL [Mass/volume] in Urine by Confirmatory method,LOINC
40761510,Other cells/100 leukocytes in Blood by Automated count,LOINC
40761803,Gliadin peptide IgA Ab [Units/volume] in Serum,LOINC
40763516,Herpes simplex virus 2 DNA [#/volume] (viral load) in Unspecified specimen by NAA with probe detection,LOINC
40769146,Heparin unfractionated [Units/volume] in Platelet poor plasma,LOINC
42869451,Hemoglobin [Entitic mass] in Reticulocytes by Automated count,LOINC
42870366,Fibrin D-dimer FEU [Mass/volume] in Blood by Immunoassay,LOINC
43533594,Osmol gap of Stool,LOINC
46235338,Cell-free DNA.fetal/Cell-free DNA.total in Plasma cell-free DNA by Dosage of chromosome-specific cfDNA,LOINC
